name,image
Mako,https://static.wikia.nocookie.net/marblelympics/images/a/a6/Mako.png/revision/latest?cb=20220805170520
Dory,https://static.wikia.nocookie.net/marblelympics/images/3/3d/Dory.png/revision/latest/scale-to-width-down/350?cb=20220805164333
Gonzo,https://static.wikia.nocookie.net/marblelympics/images/4/41/Gonzo.png/revision/latest?cb=20220805165752
Baloo,https://static.wikia.nocookie.net/marblelympics/images/7/74/Baloo.png/revision/latest/scale-to-width-down/350?cb=20220805120055
Conda,https://static.wikia.nocookie.net/marblelympics/images/e/e8/Ana_and_Conda_MXE2.png/revision/latest?cb=20220114100937
Ana,https://static.wikia.nocookie.net/marblelympics/images/e/e8/Ana_and_Conda_MXE2.png/revision/latest?cb=20220114100937
Python,https://static.wikia.nocookie.net/marblelympics/images/6/6d/PythonMXE3.png/revision/latest?cb=20220124103346
Spade,https://static.wikia.nocookie.net/marblelympics/images/8/8e/Spade.png/revision/latest?cb=20220111112939
Diamond,https://static.wikia.nocookie.net/marblelympics/images/4/46/DiamondMXE3.png/revision/latest?cb=20220124103103
Club,https://static.wikia.nocookie.net/marblelympics/images/d/d1/Club2022SD.png/revision/latest/scale-to-width-down/350?cb=20221201041449
Bea,https://static.wikia.nocookie.net/marblelympics/images/a/a8/8C8845DE-7784-42AD-8CF4-085B1798342E.jpeg/revision/latest?cb=20200223073714
Hive,https://static.wikia.nocookie.net/marblelympics/images/c/c2/Hive.png/revision/latest/scale-to-width-down/350?cb=20210410021125
Swax,https://static.wikia.nocookie.net/marblelympics/images/5/58/Swax.jpg/revision/latest/scale-to-width-down/350?cb=20230614150029
Honey,https://static.wikia.nocookie.net/marblelympics/images/f/f4/HoneyPodium2020.png/revision/latest?cb=20211003102813
Disarray,https://static.wikia.nocookie.net/marblelympics/images/2/29/Disarray.png/revision/latest?cb=20200120205200
Stinger,https://static.wikia.nocookie.net/marblelympics/images/2/26/Stinger_2022_E10.png/revision/latest/scale-to-width-down/350?cb=20221126025950
Bumble,https://static.wikia.nocookie.net/marblelympics/images/7/7c/Bumble_M1S3GP6.png/revision/latest?cb=20220516015121
Snarl,https://static.wikia.nocookie.net/marblelympics/images/8/8f/Snarl.png/revision/latest?cb=20200120205222
Clutter,https://static.wikia.nocookie.net/marblelympics/images/4/43/ClutterMarble.png/revision/latest/scale-to-width-down/350?cb=20200826135810
Tumult,https://static.wikia.nocookie.net/marblelympics/images/1/1f/Tumult.png/revision/latest?cb=20200120205153
Anarchy,https://static.wikia.nocookie.net/marblelympics/images/9/94/Anarchy.png/revision/latest?cb=20200905153152
Boa,https://static.wikia.nocookie.net/marblelympics/images/8/81/Boa.png/revision/latest?cb=20220306140312
Eryx,https://static.wikia.nocookie.net/marblelympics/images/0/01/ConstrictorsTeam.png/revision/latest/scale-to-width-down/350?cb=20220306140718
Fairy,https://static.wikia.nocookie.net/marblelympics/images/8/88/GoldenWisps.png/revision/latest?cb=20171017223622
Goldby,https://static.wikia.nocookie.net/marblelympics/images/c/c1/Goldby.png/revision/latest?cb=20220715205722
Willo,https://static.wikia.nocookie.net/marblelympics/images/d/df/Willo.png/revision/latest?cb=20220715201615
Spirit,https://static.wikia.nocookie.net/marblelympics/images/9/97/Spirit.png/revision/latest?cb=20220715201311
Glacie,https://static.wikia.nocookie.net/marblelympics/images/4/41/Glacie18.jpg/revision/latest?cb=20210614120656
Glacier,https://static.wikia.nocookie.net/marblelympics/images/7/77/GlacierV2.png/revision/latest?cb=20210614132542
Pixie,https://static.wikia.nocookie.net/marblelympics/images/2/22/Pixie.png/revision/latest?cb=20220715200704
Bounce,https://static.wikia.nocookie.net/marblelympics/images/a/a9/Bounce.png/revision/latest?cb=20210903043239
Frost,https://static.wikia.nocookie.net/marblelympics/images/7/78/Frost_2022_E10.png/revision/latest/scale-to-width-down/350?cb=20221126025923
Bomble,https://static.wikia.nocookie.net/marblelympics/images/5/5f/Bromble.png/revision/latest?cb=20200221150436
Leap,https://static.wikia.nocookie.net/marblelympics/images/a/af/Leap.png/revision/latest?cb=20210903041828
Sheet,https://static.wikia.nocookie.net/marblelympics/images/d/d2/Sheet.png/revision/latest?cb=20221107110200
Polar,https://static.wikia.nocookie.net/marblelympics/images/2/23/Polar.png/revision/latest?cb=20211218023358
Orby,https://static.wikia.nocookie.net/marblelympics/images/9/95/Orby.jpeg/revision/latest?cb=20200322105815
Glorby,https://static.wikia.nocookie.net/marblelympics/images/7/7c/Glorby2018.png/revision/latest?cb=20210615104722
Heart,https://static.wikia.nocookie.net/marblelympics/images/9/95/Heart2018.png/revision/latest/scale-to-width-down/350?cb=20210615102835
Glace,https://static.wikia.nocookie.net/marblelympics/images/8/82/Glace18.jpg.jpg/revision/latest?cb=20210614115139
Hop,https://static.wikia.nocookie.net/marblelympics/images/3/3f/Hop.png/revision/latest?cb=20190531055359
Choc,https://static.wikia.nocookie.net/marblelympics/images/1/1e/Choc.png/revision/latest?cb=20200125193225
Iceberg,https://static.wikia.nocookie.net/marblelympics/images/2/2a/Iceberg.png/revision/latest?cb=20210726095331
Skip,https://static.wikia.nocookie.net/marblelympics/images/0/00/Skip.png/revision/latest?cb=20200120210646
Bonbon,https://static.wikia.nocookie.net/marblelympics/images/c/cd/Bonbon_2022_E14.png/revision/latest/scale-to-width-down/350?cb=20221211121705
Wasp,https://static.wikia.nocookie.net/marblelympics/images/5/51/Wasp2020Quali.jpg/revision/latest?cb=20200619182233
Fudge,https://static.wikia.nocookie.net/marblelympics/images/4/47/FudgeJousting2021.png/revision/latest?cb=20210924143712
Glidy,https://static.wikia.nocookie.net/marblelympics/images/c/c0/Glidy18.jpg/revision/latest?cb=20200815034457
Glordby,https://static.wikia.nocookie.net/marblelympics/images/e/e8/Glordby.png/revision/latest?cb=20220715210343
Alpine,https://static.wikia.nocookie.net/marblelympics/images/2/26/Alpine.png/revision/latest?cb=20210903040432
Mocha,https://static.wikia.nocookie.net/marblelympics/images/d/df/Chocolate.png/revision/latest?cb=20211019044633
Cocoa,https://static.wikia.nocookie.net/marblelympics/images/8/8d/Cocoa.png/revision/latest?cb=20200125193218
Jump,https://static.wikia.nocookie.net/marblelympics/images/5/54/Jump.png/revision/latest?cb=20200125183836
Glide,https://static.wikia.nocookie.net/marblelympics/images/8/8f/Glide2021.png/revision/latest/scale-to-width-down/350?cb=20211219122626
Gorby,https://static.wikia.nocookie.net/marblelympics/images/f/f8/Gorby.png/revision/latest?cb=20220715204843
Vespa,https://static.wikia.nocookie.net/marblelympics/images/f/f1/Vespa.png/revision/latest?cb=20200130091804
Stinger,https://static.wikia.nocookie.net/marblelympics/images/2/26/Stinger_2022_E10.png/revision/latest/scale-to-width-down/350?cb=20221126025950
Yellowjacket,https://static.wikia.nocookie.net/marblelympics/images/7/74/HornetsTeam.png/revision/latest?cb=20200130092233
Hive,https://static.wikia.nocookie.net/marblelympics/images/c/c2/Hive.png/revision/latest/scale-to-width-down/350?cb=20210410021125
Silvery,https://static.wikia.nocookie.net/marblelympics/images/6/61/Silvery.png/revision/latest?cb=20200126093326
Argent,https://static.wikia.nocookie.net/marblelympics/images/7/7d/Argent.png/revision/latest?cb=20200126093357
Orbit,https://static.wikia.nocookie.net/marblelympics/images/0/05/Orbit_and_Sulfur_MXE2.png/revision/latest?cb=20220114105716
Dwarf,https://static.wikia.nocookie.net/marblelympics/images/1/10/DwarfMXE3.png/revision/latest?cb=20220124103437
Sulfur,https://static.wikia.nocookie.net/marblelympics/images/0/05/Orbit_and_Sulfur_MXE2.png/revision/latest?cb=20220114105716
Saucer,https://static.wikia.nocookie.net/marblelympics/images/8/84/Saucer.png/revision/latest?cb=20220320074859
Ounce,https://static.wikia.nocookie.net/marblelympics/images/1/16/Ounce.png/revision/latest/scale-to-width-down/350?cb=20230309093802
Razzy,https://static.wikia.nocookie.net/marblelympics/images/7/72/Razzy_2022_E8.png/revision/latest/scale-to-width-down/350?cb=20221119085126
Gogo,https://static.wikia.nocookie.net/marblelympics/images/9/90/Gogo.png/revision/latest?cb=20210821094648
Bingo,https://static.wikia.nocookie.net/marblelympics/images/f/f1/Bingo.png/revision/latest?cb=20200120205603
Astron,https://static.wikia.nocookie.net/marblelympics/images/b/b9/Astron.png/revision/latest?cb=20210903040924
Cyan Eye,https://static.wikia.nocookie.net/marblelympics/images/6/6a/Cyan_Eye.png/revision/latest?cb=20220411124939
Green Eye,https://static.wikia.nocookie.net/marblelympics/images/7/79/GreenEye2021.png/revision/latest?cb=20220408024701
Quix,https://static.wikia.nocookie.net/marblelympics/images/8/8c/Quix.png/revision/latest?cb=20200126093333
Ducky,https://static.wikia.nocookie.net/marblelympics/images/9/98/Ducky.png/revision/latest?cb=20191101090650
Billy,https://static.wikia.nocookie.net/marblelympics/images/8/86/Billy2020.png/revision/latest?cb=20210221122637
Quacky,https://static.wikia.nocookie.net/marblelympics/images/7/78/Quacky.png/revision/latest?cb=20190601101742
Diego,https://static.wikia.nocookie.net/marblelympics/images/6/68/Diego.png/revision/latest?cb=20200125184952
Blue Eye,https://static.wikia.nocookie.net/marblelympics/images/f/ff/BlueEye2021E14.png/revision/latest?cb=20211203081742
Aqua,https://static.wikia.nocookie.net/marblelympics/images/9/9c/Aqua2021.png/revision/latest?cb=20210221121022
Murky,https://static.wikia.nocookie.net/marblelympics/images/5/5a/Murky.png/revision/latest?cb=20221022104938
Ember,https://static.wikia.nocookie.net/marblelympics/images/3/38/Ember.png/revision/latest?cb=20210908022858
Blast,https://static.wikia.nocookie.net/marblelympics/images/e/e7/Blast.png/revision/latest?cb=20221027084331
Tide,https://static.wikia.nocookie.net/marblelympics/images/3/3f/Tide.png/revision/latest?cb=20200125133643
Goose,https://static.wikia.nocookie.net/marblelympics/images/d/dd/Goose.png/revision/latest?cb=20210215205827
Yellow Eye,https://static.wikia.nocookie.net/marblelympics/images/f/fc/YellowEye2020.png/revision/latest?cb=20210221123211
Mallard,https://static.wikia.nocookie.net/marblelympics/images/7/7e/MallardMistyMountainM1S2.jpg/revision/latest?cb=20210520140220
Bay,https://static.wikia.nocookie.net/marblelympics/images/e/e1/Bay.png/revision/latest?cb=20200123205227
Gloomo,https://static.wikia.nocookie.net/marblelympics/images/8/83/Gloomo.png/revision/latest?cb=20221027090530
Red Eye,https://static.wikia.nocookie.net/marblelympics/images/4/47/RedEyeM1S2Champion3.jpg/revision/latest?cb=20210510192939
Mercurial,https://static.wikia.nocookie.net/marblelympics/images/4/47/Mercurial.png/revision/latest?cb=20200126093347
Fearo,https://static.wikia.nocookie.net/marblelympics/images/1/13/Fearo.png/revision/latest?cb=20220222110918
Pinkydink,https://static.wikia.nocookie.net/marblelympics/images/3/31/Pinkydink_2022_E4.png/revision/latest/scale-to-width-down/350?cb=20221110112540
Misty,https://static.wikia.nocookie.net/marblelympics/images/4/4e/MistyMVP2021.png/revision/latest?cb=20220208022616
Foggy,https://static.wikia.nocookie.net/marblelympics/images/a/ac/Foggy2020.png/revision/latest?cb=20200906050216
Rozzy,https://static.wikia.nocookie.net/marblelympics/images/7/75/Rozzy.png/revision/latest?cb=20200121203843
Rizzy,https://static.wikia.nocookie.net/marblelympics/images/3/3c/Rizzy.png/revision/latest?cb=20200121203852
Hazy,https://static.wikia.nocookie.net/marblelympics/images/d/d5/HazyM1S2.png/revision/latest?cb=20220126112005
Ruzzy,https://static.wikia.nocookie.net/marblelympics/images/4/43/Ruzzy.png/revision/latest?cb=20200906050938
Cloudy,https://static.wikia.nocookie.net/marblelympics/images/e/ea/Screenshot_2021-08-03_12.47.11_PM.png/revision/latest?cb=20210805135611
Momomomo,https://static.wikia.nocookie.net/marblelympics/images/7/70/Momomomo2021.png/revision/latest?cb=20220313050715
Ocean,https://static.wikia.nocookie.net/marblelympics/images/c/c2/Ocean2020.png/revision/latest?cb=20210221115945
Rezzy,https://static.wikia.nocookie.net/marblelympics/images/1/1a/Rezzy.png/revision/latest?cb=20200121203900
Smoggy,https://static.wikia.nocookie.net/marblelympics/images/c/cd/SmoggyM1S1.png/revision/latest?cb=20220131064714
Scorch,https://static.wikia.nocookie.net/marblelympics/images/0/06/Scorch.png/revision/latest?cb=20210823080946
Rolly,https://static.wikia.nocookie.net/marblelympics/images/c/cc/RubyRollers.png/revision/latest?cb=20171017222934
Rollo,https://static.wikia.nocookie.net/marblelympics/images/c/cc/RubyRollers.png/revision/latest?cb=20171017222934
Mouthful,https://static.wikia.nocookie.net/marblelympics/images/1/10/Mouthful.png/revision/latest?cb=20200201205641
Shore,https://static.wikia.nocookie.net/marblelympics/images/6/6c/Shore.png/revision/latest?cb=20200123205247
Clementin,https://static.wikia.nocookie.net/marblelympics/images/f/f2/Clementin2021.png/revision/latest?cb=20220225111313
Flare,https://static.wikia.nocookie.net/marblelympics/images/5/54/Flare.png/revision/latest?cb=20211007074800
Tidbit,https://static.wikia.nocookie.net/marblelympics/images/1/1a/Tidbit.png/revision/latest?cb=20200201205316
Prim,https://static.wikia.nocookie.net/marblelympics/images/9/99/Prim.png/revision/latest?cb=20191116103407
Sea,https://static.wikia.nocookie.net/marblelympics/images/2/2c/Sea2020.png/revision/latest?cb=20210221150537
Mo,https://static.wikia.nocookie.net/marblelympics/images/d/d0/Mo.png/revision/latest?cb=20190601100540
Minty Mint,https://static.wikia.nocookie.net/marblelympics/images/8/8f/MintyMintJousting.png/revision/latest?cb=20211209145432
Barn,https://static.wikia.nocookie.net/marblelympics/images/6/65/Strixes2021.png/revision/latest?cb=20220116081928
Specs,https://static.wikia.nocookie.net/marblelympics/images/3/3d/Specs.png/revision/latest?cb=20220111113409
Tawny,https://static.wikia.nocookie.net/marblelympics/images/c/c9/TawnyMXE3.png/revision/latest?cb=20220122015052
Minty Swirl,https://static.wikia.nocookie.net/marblelympics/images/b/bb/Minty_Swirl_1.jpeg/revision/latest/scale-to-width-down/350?cb=20200316063351
Minty Fresh,https://static.wikia.nocookie.net/marblelympics/images/1/1b/Minty_Fresh_Marble_Marathon.jpg/revision/latest/scale-to-width-down/350?cb=20200824104346
Minty Drizzel,https://static.wikia.nocookie.net/marblelympics/images/8/84/MintyDrizzel2020.jpg/revision/latest/scale-to-width-down/350?cb=20200824123319
Kinnowin,https://static.wikia.nocookie.net/marblelympics/images/5/50/Kinnowin20.png/revision/latest?cb=20210221144906
Ghost,https://static.wikia.nocookie.net/marblelympics/images/c/cc/Ghosto_during_Funnel_Endurance.png/revision/latest?cb=20230516070652
Minty Flav,https://static.wikia.nocookie.net/marblelympics/images/9/99/Minty_Flav_M1S3GP3.png/revision/latest?cb=20220423031019
Pinky Winky,https://static.wikia.nocookie.net/marblelympics/images/d/d1/PinkyWinky.png/revision/latest?cb=20200125191352
Pinky Rosa,https://static.wikia.nocookie.net/marblelympics/images/2/2a/PinkyRosa.png/revision/latest?cb=20200125191343
Pinky Panther,https://static.wikia.nocookie.net/marblelympics/images/8/8f/PinkyPanther.png/revision/latest?cb=20210903042752
Pinky Toe,https://static.wikia.nocookie.net/marblelympics/images/1/1e/PinkyToe.png/revision/latest?cb=20200125191408
Rollew,https://static.wikia.nocookie.net/marblelympics/images/c/cc/RubyRollers.png/revision/latest?cb=20171017222934
Boltu,https://static.wikia.nocookie.net/marblelympics/images/f/ff/Boltu.png/revision/latest?cb=20210616043101
Bolta,https://static.wikia.nocookie.net/marblelympics/images/e/ed/Bolta.png/revision/latest?cb=20200122185147
Phee,https://static.wikia.nocookie.net/marblelympics/images/7/7b/Phee.png/revision/latest?cb=20220716073548
Nix,https://static.wikia.nocookie.net/marblelympics/images/a/a1/TeamPheonix.png/revision/latest?cb=20171017223111
Goolime,https://static.wikia.nocookie.net/marblelympics/images/f/f6/Goolime.png/revision/latest?cb=20190525121115
Lightning,https://static.wikia.nocookie.net/marblelympics/images/8/86/Lightning.png/revision/latest?cb=20200122183054
Lemonlime,https://static.wikia.nocookie.net/marblelympics/images/b/b5/Lemonlime.png/revision/latest?cb=20210308090623
Momo,https://static.wikia.nocookie.net/marblelympics/images/d/d2/Momo.png/revision/latest?cb=20190601101443
Phanto,https://static.wikia.nocookie.net/marblelympics/images/6/68/Phanto.png/revision/latest?cb=20221027090655
Wespy,https://static.wikia.nocookie.net/marblelympics/images/7/7e/Wespy.png/revision/latest?cb=20200120203411
Vivid,https://static.wikia.nocookie.net/marblelympics/images/3/36/ValientViolets.png/revision/latest?cb=20171017223419
Balto,https://static.wikia.nocookie.net/marblelympics/images/9/9f/Balto.png/revision/latest?cb=20221027084011
Shock,https://static.wikia.nocookie.net/marblelympics/images/f/f9/Shock.png/revision/latest?cb=20210924150533
Sirius,https://static.wikia.nocookie.net/marblelympics/images/1/18/Sirius.png/revision/latest?cb=20221027090849
Salvia,https://static.wikia.nocookie.net/marblelympics/images/3/36/ValientViolets.png/revision/latest?cb=20171017223419
Remus,https://static.wikia.nocookie.net/marblelympics/images/8/85/Remus.png/revision/latest?cb=20221027091005
Madeira,https://static.wikia.nocookie.net/marblelympics/images/3/36/ValientViolets.png/revision/latest?cb=20171017223419
Fenrir,https://static.wikia.nocookie.net/marblelympics/images/6/68/Fenrir2022SD.png/revision/latest/scale-to-width-down/350?cb=20221201041811
Wuspy,https://static.wikia.nocookie.net/marblelympics/images/8/84/Wuspy.png/revision/latest?cb=20190601103727
Taffy,https://static.wikia.nocookie.net/marblelympics/images/d/dc/Taffy.png/revision/latest?cb=20200201204203
Sugar,https://static.wikia.nocookie.net/marblelympics/images/a/a9/Sugar.png/revision/latest?cb=20200201204536
Sparkle,https://static.wikia.nocookie.net/marblelympics/images/7/70/Sparkle.png/revision/latest?cb=20200130134353
Azure,https://static.wikia.nocookie.net/marblelympics/images/c/c0/Azure.png/revision/latest?cb=20200130141022
Dodger,https://static.wikia.nocookie.net/marblelympics/images/2/2f/Dodger.png/revision/latest?cb=20200130140821
Radiance,https://static.wikia.nocookie.net/marblelympics/images/7/71/Radiance.png/revision/latest?cb=20211007074128
Jellime,https://static.wikia.nocookie.net/marblelympics/images/0/0e/Jellime.png/revision/latest?cb=20200113204153
Wispy,https://static.wikia.nocookie.net/marblelympics/images/c/c9/Wispy.png/revision/latest?cb=20190601104411
Snowfall,https://static.wikia.nocookie.net/marblelympics/images/4/46/Snowfall.png/revision/latest?cb=20221022104909
Screech,https://static.wikia.nocookie.net/marblelympics/images/1/17/Screech.png/revision/latest?cb=20220111113436
Mary,https://static.wikia.nocookie.net/marblelympics/images/a/aa/Mary.png/revision/latest?cb=20191116103349
Aryp,https://static.wikia.nocookie.net/marblelympics/images/3/3a/Aryp_2022_E14.png/revision/latest/scale-to-width-down/350?cb=20221211122021
Pygmy,https://static.wikia.nocookie.net/marblelympics/images/f/f0/PygmyMXE4.png/revision/latest?cb=20220129033813
Sheep,https://static.wikia.nocookie.net/marblelympics/images/c/cc/Sheep.png/revision/latest/scale-to-width-down/350?cb=20221201041554
Lantana,https://static.wikia.nocookie.net/marblelympics/images/3/36/ValientViolets.png/revision/latest?cb=20171017223419
Gnome,https://static.wikia.nocookie.net/marblelympics/images/7/78/Gnome.png/revision/latest?cb=20210903042428
Rojo Tres,https://static.wikia.nocookie.net/marblelympics/images/c/c5/RojoTres.png/revision/latest?cb=20191101145417
Rojo Cuatro,https://static.wikia.nocookie.net/marblelympics/images/7/7f/RojoCuatro.png/revision/latest?cb=20191101145447
Rojo Uno,https://static.wikia.nocookie.net/marblelympics/images/5/50/RojoUno.png/revision/latest?cb=20200130132624
Phoeny,https://static.wikia.nocookie.net/marblelympics/images/a/a1/TeamPheonix.png/revision/latest?cb=20171017223111
Mimo,https://static.wikia.nocookie.net/marblelympics/images/b/b1/Mimo2020.png/revision/latest/scale-to-width-down/350?cb=20210221122205
Thunder,https://static.wikia.nocookie.net/marblelympics/images/b/b7/Thunder2021.png/revision/latest?cb=20210221121337
Slimelime,https://static.wikia.nocookie.net/marblelympics/images/2/23/Slimelime.png/revision/latest?cb=20200113204123
Momo,https://static.wikia.nocookie.net/marblelympics/images/d/d2/Momo.png/revision/latest?cb=20190601101443
Glimmer,https://static.wikia.nocookie.net/marblelympics/images/c/c5/Glimmer.png/revision/latest?cb=20210818090547
Bolt,https://static.wikia.nocookie.net/marblelympics/images/c/c9/Bolt2020.png/revision/latest?cb=20210221114524
Limelime,https://static.wikia.nocookie.net/marblelympics/images/d/dd/Limelime.png/revision/latest?cb=20210221041306
Snow,https://static.wikia.nocookie.net/marblelympics/images/4/4e/Snow.png/revision/latest?cb=20200123203128
Snowy,https://static.wikia.nocookie.net/marblelympics/images/8/85/Snowy2020.png/revision/latest?cb=20211005035258
Tangerin,https://static.wikia.nocookie.net/marblelympics/images/e/e6/Tangerin2020.png/revision/latest?cb=20210221145141
Shiny,https://static.wikia.nocookie.net/marblelympics/images/1/10/Shiny.png/revision/latest?cb=20200130134043
Sterling,https://static.wikia.nocookie.net/marblelympics/images/9/9d/Sterling_2022_E6.png/revision/latest/scale-to-width-down/350?cb=20221114092717
Shimmer,https://static.wikia.nocookie.net/marblelympics/images/8/89/Shimmer_2022_E14.png/revision/latest/scale-to-width-down/350?cb=20221211121949
Snowstorm,https://static.wikia.nocookie.net/marblelympics/images/c/cf/Snowstorm.png/revision/latest?cb=20200123203137
Mandarin,https://static.wikia.nocookie.net/marblelympics/images/f/f5/Mandarin_2020.jpg/revision/latest/scale-to-width-down/350?cb=20200824124945
Imar,https://static.wikia.nocookie.net/marblelympics/images/6/68/Imar.png/revision/latest?cb=20190531060040
Ecto,https://static.wikia.nocookie.net/marblelympics/images/b/b0/Ecto.png/revision/latest?cb=20220222110845
Tongue Twister,https://static.wikia.nocookie.net/marblelympics/images/e/ea/TongueTwister.png/revision/latest?cb=20200201205908
Snowflake,https://static.wikia.nocookie.net/marblelympics/images/2/27/Snowflake.png/revision/latest?cb=20200123203121
Zap,https://static.wikia.nocookie.net/marblelympics/images/0/0b/Zap.png/revision/latest?cb=20210726092452
Boltew,https://static.wikia.nocookie.net/marblelympics/images/3/3d/Boltew.png/revision/latest?cb=20200122185034
Bolty,https://static.wikia.nocookie.net/marblelympics/images/7/75/Bolty.png/revision/latest?cb=20200122185132
Orangin,https://static.wikia.nocookie.net/marblelympics/images/c/cf/OranginTriathlon.png/revision/latest?cb=20200823165415
Rolla,https://static.wikia.nocookie.net/marblelympics/images/c/cc/RubyRollers.png/revision/latest?cb=20171017222934
Montoya,https://static.wikia.nocookie.net/marblelympics/images/3/38/MontoyaIndie2021.png/revision/latest?cb=20211119093923
Rima,https://static.wikia.nocookie.net/marblelympics/images/2/2b/Rima_2022_E4.png/revision/latest/scale-to-width-down/350?cb=20221110112601
Momomo,https://static.wikia.nocookie.net/marblelympics/images/0/04/Momomo.png/revision/latest?cb=20210726094159
Ghosto,https://static.wikia.nocookie.net/marblelympics/images/c/cc/Ghosto_during_Funnel_Endurance.png/revision/latest?cb=20230516070652
Mary,https://static.wikia.nocookie.net/marblelympics/images/a/aa/Mary.png/revision/latest?cb=20191116103349
Meepo,https://static.wikia.nocookie.net/marblelympics/images/0/03/Meepo.png/revision/latest?cb=20210903041532
Waspy,https://static.wikia.nocookie.net/marblelympics/images/3/3a/Waspy.png/revision/latest?cb=20210823133002
Prim,https://static.wikia.nocookie.net/marblelympics/images/9/99/Prim.png/revision/latest?cb=20191116103407
Snowblast,https://static.wikia.nocookie.net/marblelympics/images/e/e6/Snowblast.png/revision/latest?cb=20210823080601
Royal,https://static.wikia.nocookie.net/marblelympics/images/0/0a/Royal_M1S3GP6.png/revision/latest?cb=20220516015028
Wospy,https://static.wikia.nocookie.net/marblelympics/images/4/43/Wospy_M1.png/revision/latest?cb=20200513090407
Cerulean,https://static.wikia.nocookie.net/marblelympics/images/0/0f/Cerulean_Podium_S2GP12.png/revision/latest?cb=20210508005546
Sublime,https://static.wikia.nocookie.net/marblelympics/images/e/e6/Sublime.png/revision/latest?cb=20200113204205
Crush,https://static.wikia.nocookie.net/marblelympics/images/c/c6/TurtleSlidersTeam.png/revision/latest?cb=20200130095438
Mimo,https://static.wikia.nocookie.net/marblelympics/images/b/b1/Mimo2020.png/revision/latest/scale-to-width-down/350?cb=20210221122205
Whizzy,https://static.wikia.nocookie.net/marblelympics/images/1/16/Whizzy20.png/revision/latest?cb=20210929063904
Leaf,https://static.wikia.nocookie.net/marblelympics/images/6/60/LeafMXE4.png/revision/latest?cb=20220129033559
Yellah,https://static.wikia.nocookie.net/marblelympics/images/0/0f/Yellah2020.png/revision/latest?cb=20210221123940
Mo,https://static.wikia.nocookie.net/marblelympics/images/d/d0/Mo.png/revision/latest?cb=20190601100540
Yelley,https://static.wikia.nocookie.net/marblelympics/images/7/7a/Yelley2020.png/revision/latest?cb=20211004025919
Swifty,https://static.wikia.nocookie.net/marblelympics/images/9/9f/Swifty20.png/revision/latest?cb=20210221145855
Starry,https://static.wikia.nocookie.net/marblelympics/images/4/4f/Starry2020.png/revision/latest?cb=20211005034933
Pulsar,https://static.wikia.nocookie.net/marblelympics/images/b/b8/PulsarM1.png/revision/latest?cb=20211005134601
Quasar,https://static.wikia.nocookie.net/marblelympics/images/0/0b/Quasar19.png/revision/latest?cb=20191005092012
Yellim,https://static.wikia.nocookie.net/marblelympics/images/6/68/YellahYellimJousting2021.png/revision/latest?cb=20211004061012
Cosmo,https://static.wikia.nocookie.net/marblelympics/images/a/a9/Cosmo19.png/revision/latest?cb=20191005082315
Vine,https://static.wikia.nocookie.net/marblelympics/images/4/4c/VineMXE3.png/revision/latest?cb=20220122014238
Shelly,https://static.wikia.nocookie.net/marblelympics/images/d/d7/ShellyMLS21.png/revision/latest?cb=20211114025636
Blaze,https://static.wikia.nocookie.net/marblelympics/images/b/bd/Blaze.png/revision/latest?cb=20210903043717
Gallum,https://static.wikia.nocookie.net/marblelympics/images/c/cc/Gallum.png/revision/latest?cb=20210926024907
Rojo Cinco,https://static.wikia.nocookie.net/marblelympics/images/a/ab/RojoCinco2021.png/revision/latest?cb=20211119014759
Rojo Dos,https://static.wikia.nocookie.net/marblelympics/images/f/fd/ROjO.PNG/revision/latest/scale-to-width-down/350?cb=20200322081520
Nixy,https://static.wikia.nocookie.net/marblelympics/images/a/a1/TeamPheonix.png/revision/latest?cb=20171017223111
Snowdrift,https://static.wikia.nocookie.net/marblelympics/images/e/e7/Snowdrift.png/revision/latest?cb=20221022104926
Bolto,https://static.wikia.nocookie.net/marblelympics/images/a/a0/Bolto.png/revision/latest?cb=20200122185140
Indie,https://static.wikia.nocookie.net/marblelympics/images/8/87/Indie-gold_Stars_2021.png/revision/latest/scale-to-width-down/350?cb=20210519142420
Squirt,https://static.wikia.nocookie.net/marblelympics/images/b/b4/Squirt.png/revision/latest?cb=20200130095458
Yellup,https://static.wikia.nocookie.net/marblelympics/images/0/0f/Yellup2021.png/revision/latest?cb=20211225044045
Frank,https://static.wikia.nocookie.net/marblelympics/images/c/c6/TurtleSlidersTeam.png/revision/latest?cb=20200130095438
Trunk,https://static.wikia.nocookie.net/marblelympics/images/c/cc/Trunk.png/revision/latest?cb=20220111113912
Dash,https://static.wikia.nocookie.net/marblelympics/images/5/55/Dash.png/revision/latest?cb=20210908023258
Yellow,https://static.wikia.nocookie.net/marblelympics/images/7/7a/Yellow_2022_E8.png/revision/latest/scale-to-width-down/350?cb=20221119085059
Rapidly,https://static.wikia.nocookie.net/marblelympics/images/f/fa/Rapidly.png/revision/latest?cb=20190526052449
Speedy,https://static.wikia.nocookie.net/marblelympics/images/b/b7/Speedy19.png/revision/latest?cb=20191031093912
Velocity,https://static.wikia.nocookie.net/marblelympics/images/a/a8/Velocity20.png/revision/latest?cb=20210221145519
Stem,https://static.wikia.nocookie.net/marblelympics/images/3/34/Stem.png/revision/latest?cb=20220111113803
Ivy,https://static.wikia.nocookie.net/marblelympics/images/a/ac/NoxiousIvy2021.png/revision/latest?cb=20220116112148
Sweet,https://static.wikia.nocookie.net/marblelympics/images/4/49/Sweet.png/revision/latest?cb=20210615110113
Yeller,https://static.wikia.nocookie.net/marblelympics/images/e/ea/Yeller.png/revision/latest/scale-to-width-down/350?cb=20221126030236
Candy,https://static.wikia.nocookie.net/marblelympics/images/1/1c/Candy.png/revision/latest?cb=20200201203536
